month_year,bu_id,pnl_account_name,amount
2023-01,1,Direct Labor,-2636.853500375719
2023-01,1,Direct Materials,-292.02116965844345
2023-01,1,Gross Revenue,13451.40401999702
2023-01,1,Interest,-114.54041455718476
2023-01,1,Manufacturing Overhead,-355.9489375792638
2023-01,1,Marketing,-596.0011337817956
2023-01,1,Net Revenue,29633.14976386154
2023-01,1,Office Supplies,-379.96360894788495
2023-01,1,Rent,-2667.5750166643443
2023-01,1,Salaries,-3070.929255790675
2023-01,1,Sales Returns,-340.05213467650094
2023-01,1,Taxes,-422.2165025969498
2023-01,1,Travel & Entertainment,-254.329733926931
2023-01,1,Utilities,-1042.5492084710124
2023-01,2,Amortization,-102.2467270902681
2023-01,2,Depreciation,-183.48107094389317
2023-01,2,Direct Labor,-1511.550377845925
2023-01,2,Direct Materials,-1226.9162922625785
2023-01,2,Gross Revenue,7322.23451335714
2023-01,2,Interest,-129.58904385263497
2023-01,2,Manufacturing Overhead,-333.99644576388044
2023-01,2,Marketing,-1215.988521307048
2023-01,2,Net Revenue,10233.31678152121
2023-01,2,Office Supplies,-403.66348426393085
2023-01,2,R&D,-1493.8693057344378
2023-01,2,Rent,-1758.0266774148265
2023-01,2,Salaries,-19063.9418347982
2023-01,2,Sales Commissions,-1134.5394387797376
2023-01,2,Sales Returns,-225.80523824518505
2023-01,2,Taxes,-1880.671085720234
2023-01,2,Travel & Entertainment,-1269.488457485491
2023-01,2,Utilities,-293.8670501318762
2023-01,3,Depreciation,-254.72665461277484
2023-01,3,Direct Labor,-833.45998172624
2023-01,3,Direct Materials,-1744.2748592529958
2023-01,3,Gross Revenue,9907.072864052776
2023-01,3,Interest,-102.21913124928578
2023-01,3,Manufacturing Overhead,-354.45005997094506
2023-01,3,Marketing,-1181.2412720394523
2023-01,3,Net Revenue,20116.136831319953
2023-01,3,Office Supplies,-427.65743658899936
2023-01,3,R&D,-6041.385627598949
2023-01,3,Rent,-3843.495428339386
2023-01,3,Salaries,-8448.29944292918
2023-01,3,Sales Commissions,-429.6106871214363
2023-01,3,Sales Returns,-348.7331282774937
2023-01,3,Taxes,-622.4711963040436
2023-01,3,Travel & Entertainment,-430.9849838666404
2023-01,3,Utilities,-309.97483293493576
2023-01,4,Amortization,-167.76578885437974
2023-01,4,Depreciation,-573.1826896056717
2023-01,4,Direct Labor,-2837.2190559010182
2023-01,4,Direct Materials,-896.0950207318132
2023-01,4,Gross Revenue,8335.629482720447
2023-01,4,Interest,-47.85031829047796
2023-01,4,Manufacturing Overhead,-584.5618810286766
2023-01,4,Marketing,-1341.1052226989445
2023-01,4,Net Revenue,10621.626624700313
2023-01,4,Office Supplies,-241.92898459204577
2023-01,4,R&D,-5943.790875728349
2023-01,4,Rent,-2546.1514580284306
2023-01,4,Salaries,-7437.930208218837
2023-01,4,Sales Commissions,-552.6304043699864
2023-01,4,Sales Returns,-219.90251749823918
2023-01,4,Taxes,-583.7390385337297
2023-01,5,Direct Labor,-1740.5099859516502
2023-01,5,Direct Materials,-446.7621622939295
2023-01,5,Gross Revenue,5900.250351866184
2023-01,5,Interest,-51.37170043148981
2023-01,5,Marketing,-1027.7791972238454
2023-01,5,Net Revenue,16045.179417144873
2023-01,5,Office Supplies,-828.0933601646224
2023-01,5,Rent,-2844.082909491558
2023-01,5,Salaries,-10802.317619037063
2023-01,5,Sales Commissions,-636.1172075177064
2023-01,5,Sales Returns,-418.23450709014685
2023-01,5,Taxes,-345.70650731046135
2023-01,5,Travel & Entertainment,-89.81017545344112
2023-01,5,Utilities,-824.9774623324095
2023-01,6,Amortization,-46.13193012522021
2023-01,6,Depreciation,-101.44348816407997
2023-01,6,Direct Labor,-1265.5199006644318
2023-01,6,Direct Materials,-1246.1774126573048
2023-01,6,Gross Revenue,10062.753075435832
2023-01,6,Interest,-107.00541025118605
2023-01,6,Marketing,-715.3333098953821
2023-01,6,Net Revenue,12445.766259355498
2023-01,6,Rent,-3075.182270378742
2023-01,6,Salaries,-1871.2769695144352
2023-01,6,Sales Commissions,-1832.530811848691
2023-01,6,Sales Returns,-292.4422166693313
2023-01,6,Taxes,-435.37046186385663
2023-01,6,Travel & Entertainment,-444.2017211772383
2023-01,6,Utilities,-923.7362976110201
2023-01,7,Depreciation,-349.56474241792046
2023-01,7,Direct Labor,-1430.718751330445
2023-01,7,Direct Materials,-1647.4810249978163
2023-01,7,Gross Revenue,2868.570255861918
2023-01,7,Interest,-15.99389444542133
2023-01,7,Manufacturing Overhead,-242.15705012678066
2023-01,7,Marketing,-379.1967802490653
2023-01,7,Net Revenue,7891.0892248442815
2023-01,7,Rent,-2721.2291268428125
2023-01,7,Salaries,-2974.981151857245
2023-01,7,Sales Returns,-180.5736619134143
2023-01,7,Taxes,-344.2080711199534
2023-01,7,Travel & Entertainment,-357.55122860155154
2023-01,7,Utilities,-511.6187653692415
2023-01,8,Depreciation,-117.92116980357805
2023-01,8,Direct Labor,-1027.2810866200657
2023-01,8,Direct Materials,-891.1080179156488
2023-01,8,Gross Revenue,7489.774579791196
2023-01,8,Interest,-75.17853334153459
2023-01,8,Manufacturing Overhead,-296.60261193148636
2023-01,8,Net Revenue,19884.2917514904
2023-01,8,Office Supplies,-111.16763131572387
2023-01,8,Rent,-3322.662716063773
2023-01,8,Salaries,-10481.023653015
2023-01,8,Sales Commissions,-1118.7285157663182
2023-01,8,Sales Returns,-707.9412490117637
2023-01,8,Taxes,-616.6957188432121
2023-01,8,Travel & Entertainment,-740.1989683882541
2023-02,1,Direct Labor,-2796.6542829990044
2023-02,1,Direct Materials,-3070.650651586088
2023-02,1,Gross Revenue,1573.3052376858186
2023-02,1,Interest,-87.60200149367803
2023-02,1,Manufacturing Overhead,-127.62458661933819
2023-02,1,Marketing,-1051.8382284531665
2023-02,1,Net Revenue,8135.777700772291
2023-02,1,Office Supplies,-369.76091664520277
2023-02,1,Rent,-1941.131788956659
2023-02,1,Salaries,-10061.775929909867
2023-02,1,Sales Commissions,-619.7759662763572
2023-02,1,Sales Returns,-131.29404687336248
2023-02,1,Taxes,-1446.7499580483754
2023-02,1,Travel & Entertainment,-413.72285707292116
2023-02,1,Utilities,-705.6396217600463
2023-02,2,Direct Labor,-1002.7618232243004
2023-02,2,Direct Materials,-2665.0555037880476
2023-02,2,Gross Revenue,3923.6950128190406
2023-02,2,Interest,-85.20506220196543
2023-02,2,Manufacturing Overhead,-256.88435444542483
2023-02,2,Marketing,-1318.584470306568
2023-02,2,Net Revenue,16033.89431448482
2023-02,2,Office Supplies,-333.1562175016132
2023-02,2,R&D,-5968.793862645214
2023-02,2,Rent,-4609.020938171886
2023-02,2,Salaries,-14491.016060682674
2023-02,2,Sales Returns,-393.4178099907724
2023-02,2,Taxes,-382.20778656812524
2023-02,2,Travel & Entertainment,-409.271201728056
2023-02,2,Utilities,-264.7239296770479
2023-02,3,Amortization,-199.7069366679263
2023-02,3,Depreciation,-359.39963958257323
2023-02,3,Direct Labor,-517.1976271668082
2023-02,3,Direct Materials,-522.9153456989092
2023-02,3,Gross Revenue,4434.53850596099
2023-02,3,Interest,-127.19971450118828
2023-02,3,Manufacturing Overhead,-568.6380813334662
2023-02,3,Marketing,-696.5095752663615
2023-02,3,Net Revenue,6897.28190951934
2023-02,3,Office Supplies,-346.6879628068859
2023-02,3,Rent,-3217.9381025918315
2023-02,3,Salaries,-5186.59845428071
2023-02,3,Sales Returns,-392.19674926351576
2023-02,3,Taxes,-911.48423045762
2023-02,3,Travel & Entertainment,-160.301716132265
2023-02,3,Utilities,-445.3782225841398
2023-02,4,Amortization,-89.01947092174086
2023-02,4,Direct Labor,-648.2477558976773
2023-02,4,Direct Materials,-692.4739919716368
2023-02,4,Interest,-57.406503834244376
2023-02,4,Manufacturing Overhead,-521.0319838262304
2023-02,4,Marketing,-213.31037472855496
2023-02,4,Net Revenue,4262.569735143669
2023-02,4,Office Supplies,-360.45749959056064
2023-02,4,R&D,-3950.253454552183
2023-02,4,Rent,-2123.2809615039823
2023-02,4,Salaries,-14800.026887851402
2023-02,4,Sales Commissions,-590.413794632122
2023-02,4,Sales Returns,-305.8731815488719
2023-02,4,Taxes,-448.2038469929819
2023-02,4,Travel & Entertainment,-710.2023012969256
2023-02,4,Utilities,-826.9998155728954
2023-02,5,Amortization,-97.69734113508441
2023-02,5,Direct Labor,-2057.6585551827034
2023-02,5,Direct Materials,-2090.6709608314573
2023-02,5,Gross Revenue,20244.250626723933
2023-02,5,Interest,-142.1328560268055
2023-02,5,Manufacturing Overhead,-276.18391854663446
2023-02,5,Marketing,-1361.9432559305628
2023-02,5,Net Revenue,29581.641687808613
2023-02,5,Office Supplies,-432.21391473842516
2023-02,5,Salaries,-39734.24841491882
2023-02,5,Sales Commissions,-746.4680130574577
2023-02,5,Sales Returns,-241.00907455940154
2023-02,5,Taxes,-1227.5528713505828
2023-02,5,Travel & Entertainment,-350.4184386476862
2023-02,6,Amortization,-46.95636721856725
2023-02,6,Gross Revenue,1030.0965496208096
2023-02,6,Interest,-96.74956355696027
2023-02,6,Manufacturing Overhead,-639.7534681026531
2023-02,6,Marketing,-689.987011512648
2023-02,6,Net Revenue,5754.3994064924445
2023-02,6,Office Supplies,-142.36503642907655
2023-02,6,Salaries,-28906.131534914322
2023-02,6,Sales Commissions,-440.95306908906457
2023-02,6,Taxes,-672.8868358810986
2023-02,6,Travel & Entertainment,-567.2685857974615
2023-02,6,Utilities,-461.3469805930365
2023-02,7,Amortization,-37.59593640453305
2023-02,7,Direct Labor,-1139.3925870245853
2023-02,7,Direct Materials,-777.5452028771208
2023-02,7,Gross Revenue,2765.2347811781738
2023-02,7,Marketing,-258.3129097946966
2023-02,7,Net Revenue,3513.51622133804
2023-02,7,Office Supplies,-134.4150158527578
2023-02,7,Rent,-3280.966294657003
2023-02,7,Salaries,-3347.602730827805
2023-02,7,Sales Commissions,-887.9031930340075
2023-02,7,Sales Returns,-289.19928854825184
2023-02,7,Taxes,-1364.232778252137
2023-02,7,Travel & Entertainment,-411.9946984351686
2023-02,7,Utilities,-199.53048531948556
2023-02,8,Depreciation,-86.2728045880069
2023-02,8,Direct Materials,-876.6748271156939
2023-02,8,Gross Revenue,5098.6905153740445
2023-02,8,Interest,-47.55591017667225
2023-02,8,Manufacturing Overhead,-253.55570111570495
2023-02,8,Marketing,-648.178008323122
2023-02,8,Net Revenue,14229.838234239272
2023-02,8,Office Supplies,-346.5724809611235
2023-02,8,Rent,-2949.117440518458
2023-02,8,Salaries,-12444.496221725156
2023-02,8,Sales Commissions,-416.71399475583047
2023-02,8,Sales Returns,-231.63024186172274
2023-02,8,Taxes,-1961.5960526320903
2023-02,8,Travel & Entertainment,-326.40927319360867
2023-02,8,Utilities,-336.1723907156463
2023-03,1,Direct Labor,-2386.957327646166
2023-03,1,Direct Materials,-1576.1241252402194
2023-03,1,Gross Revenue,7916.6905398104955
2023-03,1,Interest,-86.82331802009118
2023-03,1,Manufacturing Overhead,-834.6618000995875
2023-03,1,Marketing,-1094.6603604619759
2023-03,1,Net Revenue,15334.51451788569
2023-03,1,Rent,-1018.5652021564022
2023-03,1,Salaries,-5826.818437320474
2023-03,1,Sales Commissions,-223.5872587754427
2023-03,1,Sales Returns,-145.43898260482638
2023-03,1,Taxes,-517.0141499250772
2023-03,1,Utilities,-435.43055443041624
2023-03,2,Depreciation,-186.58634740994557
2023-03,2,Direct Labor,-1498.5670483309837
2023-03,2,Direct Materials,-252.46475833719018
2023-03,2,Interest,-159.21588121114422
2023-03,2,Manufacturing Overhead,-164.55058163378777
2023-03,2,Marketing,-536.9993663293874
2023-03,2,Net Revenue,12790.06853768588
2023-03,2,Office Supplies,-309.79199590880125
2023-03,2,Rent,-499.71241486422014
2023-03,2,Salaries,-29886.67292991932
2023-03,2,Sales Commissions,-1475.4388870762175
2023-03,2,Sales Returns,-361.0202661492431
2023-03,2,Taxes,-1372.6529780471942
2023-03,2,Travel & Entertainment,-428.47446960766575
2023-03,2,Utilities,-426.79153433947914
2023-03,3,Amortization,-57.44154724957009
2023-03,3,Depreciation,-401.24921924783564
2023-03,3,Direct Labor,-2748.606700487106
2023-03,3,Direct Materials,-1298.8921075033516
2023-03,3,Interest,-59.271620884835855
2023-03,3,Manufacturing Overhead,-724.9303043948203
2023-03,3,Marketing,-156.29260153454325
2023-03,3,Net Revenue,18480.222362268974
2023-03,3,Office Supplies,-139.35383897683013
2023-03,3,Rent,-1112.4589379659242
2023-03,3,Salaries,-15301.64275922079
2023-03,3,Sales Commissions,-1119.181500825507
2023-03,3,Taxes,-281.26419285613014
2023-03,3,Utilities,-399.46469262791135
2023-03,4,Depreciation,-211.61998040349283
2023-03,4,Direct Labor,-4616.6034335748545
2023-03,4,Direct Materials,-1043.8557249984253
2023-03,4,Gross Revenue,13871.818347602552
2023-03,4,Interest,-113.14211481217838
2023-03,4,Marketing,-275.16235044662704
2023-03,4,Net Revenue,18829.812194377322
2023-03,4,Office Supplies,-518.668513982563
2023-03,4,R&D,-3351.00905529194
2023-03,4,Rent,-2405.1219648553533
2023-03,4,Salaries,-15675.303988630854
2023-03,4,Sales Commissions,-1342.8217001195007
2023-03,4,Sales Returns,-313.93780439320557
2023-03,4,Taxes,-243.78696307964887
2023-03,4,Travel & Entertainment,-562.062732677643
2023-03,4,Utilities,-242.39124851408124
2023-03,5,Direct Labor,-1795.3725106939055
2023-03,5,Direct Materials,-2414.8057526346415
2023-03,5,Gross Revenue,11867.654737872372
2023-03,5,Interest,-146.4422135043551
2023-03,5,Manufacturing Overhead,-906.3028518672501
2023-03,5,Marketing,-420.45215649091244
2023-03,5,Net Revenue,19014.678291783257
2023-03,5,Office Supplies,-408.1087157032718
2023-03,5,Rent,-1740.226421519915
2023-03,5,Salaries,-30120.254752841392
2023-03,5,Sales Commissions,-612.0160344965233
2023-03,5,Sales Returns,-682.842901183597
2023-03,5,Taxes,-1182.9901626911198
2023-03,5,Travel & Entertainment,-602.8956852080141
2023-03,5,Utilities,-1142.5764090282933
2023-03,6,Depreciation,-126.9630693360143
2023-03,6,Direct Materials,-1730.8380815378562
2023-03,6,Gross Revenue,9398.46493110891
2023-03,6,Interest,-38.25205524123727
2023-03,6,Manufacturing Overhead,-735.5131463751494
2023-03,6,Marketing,-1848.390116989216
2023-03,6,Net Revenue,13181.118890087955
2023-03,6,Office Supplies,-55.66639707618363
2023-03,6,Salaries,-16457.638908249042
2023-03,6,Sales Returns,-484.42477625981485
2023-03,6,Taxes,-430.56580507679837
2023-03,6,Travel & Entertainment,-257.7335203570057
2023-03,6,Utilities,-137.6448358876548
2023-03,7,Amortization,-87.75001281180886
2023-03,7,Direct Labor,-715.8287703203915
2023-03,7,Direct Materials,-1897.299895652855
2023-03,7,Gross Revenue,7020.110541089282
2023-03,7,Interest,-208.1230679531356
2023-03,7,Manufacturing Overhead,-146.54034444445173
2023-03,7,Marketing,-909.3815944883675
2023-03,7,Net Revenue,12116.304049276489
2023-03,7,Office Supplies,-746.7531952663865
2023-03,7,Rent,-3408.097244588923
2023-03,7,Salaries,-20545.155155840937
2023-03,7,Sales Commissions,-221.38301058033488
2023-03,7,Sales Returns,-130.90019521081484
2023-03,7,Taxes,-228.69612555640717
2023-03,7,Travel & Entertainment,-287.396278287176
2023-03,7,Utilities,-943.5058135154236
2023-03,8,Amortization,-120.2721655476712
2023-03,8,Depreciation,-177.9463518789404
2023-03,8,Direct Labor,-516.3244134618217
2023-03,8,Direct Materials,-1365.4580336769097
2023-03,8,Gross Revenue,1407.3015739275957
2023-03,8,Interest,-66.79323172479648
2023-03,8,Marketing,-1438.4844802420325
2023-03,8,Net Revenue,3108.878612572002
2023-03,8,Office Supplies,-334.2289051545672
2023-03,8,Rent,-930.6479968050282
2023-03,8,Salaries,-7455.914006258359
2023-03,8,Sales Commissions,-462.5880287527851
2023-03,8,Sales Returns,-416.12153852864947
2023-03,8,Taxes,-1219.019092450907
2023-03,8,Travel & Entertainment,-403.4555968907895
2023-03,8,Utilities,-388.76802205107697
2023-04,1,Direct Labor,-638.1081869987097
2023-04,1,Direct Materials,-4847.6722982226875
2023-04,1,Gross Revenue,10793.376242383973
2023-04,1,Interest,-186.47739798801013
2023-04,1,Marketing,-967.2562284253223
2023-04,1,Net Revenue,13094.229582416043
2023-04,1,Office Supplies,-57.84725356216341
2023-04,1,Rent,-3497.1168253829587
2023-04,1,Salaries,-13987.351269281755
2023-04,1,Sales Commissions,-462.08729493078346
2023-04,1,Sales Returns,-226.96960444036907
2023-04,1,Taxes,-1521.2764916106937
2023-04,1,Travel & Entertainment,-598.8392467912595
2023-04,2,Amortization,-47.65909282986005
2023-04,2,Depreciation,-200.41654139909113
2023-04,2,Direct Labor,-689.3968168127317
2023-04,2,Direct Materials,-222.76393832312928
2023-04,2,Gross Revenue,15135.76550798567
2023-04,2,Interest,-167.0568466822572
2023-04,2,Marketing,-1523.950035348237
2023-04,2,Net Revenue,19249.45141785185
2023-04,2,Office Supplies,-196.6772163946023
2023-04,2,Rent,-914.0877186824987
2023-04,2,Salaries,-29674.35865116399
2023-04,2,Sales Commissions,-187.79245107610714
2023-04,2,Taxes,-212.88153511780735
2023-04,2,Travel & Entertainment,-287.19724801076967
2023-04,2,Utilities,-835.8843027134835
2023-04,3,Direct Labor,-935.2914446847064
2023-04,3,Direct Materials,-1386.990437430912
2023-04,3,Gross Revenue,8215.434559254238
2023-04,3,Interest,-50.80864845047777
2023-04,3,Manufacturing Overhead,-180.29376056124732
2023-04,3,Marketing,-1670.8980284414822
2023-04,3,Net Revenue,11424.263716261836
2023-04,3,Office Supplies,-412.95742430225533
2023-04,3,R&D,-2758.773671371603
2023-04,3,Salaries,-28618.53321325065
2023-04,3,Sales Commissions,-528.2097528065511
2023-04,3,Sales Returns,-191.8682923808907
2023-04,3,Taxes,-765.5355013130009
2023-04,3,Travel & Entertainment,-162.4880263385223
2023-04,3,Utilities,-597.6951269740567
2023-04,4,Amortization,-100.09245272824649
2023-04,4,Direct Labor,-802.1253746835592
2023-04,4,Direct Materials,-233.70271466624425
2023-04,4,Gross Revenue,9940.869909726758
2023-04,4,Interest,-46.196114440036425
2023-04,4,Manufacturing Overhead,-518.3833228713944
2023-04,4,Marketing,-668.9178527487379
2023-04,4,Net Revenue,16346.306906742402
2023-04,4,Office Supplies,-591.4259707547112
2023-04,4,R&D,-4818.009102462653
2023-04,4,Rent,-2664.2899046276225
2023-04,4,Salaries,-4584.70428419251
2023-04,4,Sales Returns,-707.62539868262
2023-04,4,Taxes,-570.517486182064
2023-04,4,Travel & Entertainment,-550.2588088267786
2023-04,4,Utilities,-707.3525250451427
2023-04,5,Depreciation,-117.56247837605022
2023-04,5,Direct Labor,-563.6966702031388
2023-04,5,Direct Materials,-2255.7431343805088
2023-04,5,Gross Revenue,20465.905107109968
2023-04,5,Interest,-191.56087929354368
2023-04,5,Manufacturing Overhead,-220.49051971429233
2023-04,5,Net Revenue,21174.549707169164
2023-04,5,Office Supplies,-364.40490700689674
2023-04,5,R&D,-2711.8730978440485
2023-04,5,Rent,-1022.1404162078668
2023-04,5,Salaries,-21947.775050302153
2023-04,5,Sales Commissions,-1619.8833649164053
2023-04,5,Sales Returns,-608.6401192648693
2023-04,5,Travel & Entertainment,-645.1286127188488
2023-04,5,Utilities,-632.8065539528569
2023-04,6,Amortization,-92.8846909754053
2023-04,6,Depreciation,-227.02838205069477
2023-04,6,Direct Labor,-1588.300875069005
2023-04,6,Direct Materials,-1980.743271679648
2023-04,6,Gross Revenue,2319.1560170807375
2023-04,6,Interest,-84.72830344680044
2023-04,6,Manufacturing Overhead,-395.98842464969124
2023-04,6,Marketing,-173.92344465453968
2023-04,6,Net Revenue,5728.331248426253
2023-04,6,Office Supplies,-90.53762550956078
2023-04,6,R&D,-2905.0832277230325
2023-04,6,Rent,-3575.6039428542636
2023-04,6,Salaries,-12552.18518225812
2023-04,6,Sales Commissions,-535.4953387263323
2023-04,6,Sales Returns,-173.0647283699221
2023-04,6,Taxes,-376.85378991754186
2023-04,6,Travel & Entertainment,-987.6305447431329
2023-04,6,Utilities,-407.5949044286732
2023-04,7,Depreciation,-235.46403506113313
2023-04,7,Direct Labor,-1389.2420352881288
2023-04,7,Direct Materials,-966.0215080946182
2023-04,7,Gross Revenue,6823.858462156942
2023-04,7,Interest,-57.43076201183493
2023-04,7,Manufacturing Overhead,-564.0280990210994
2023-04,7,Net Revenue,13708.792111499006
2023-04,7,Office Supplies,-376.1924743235843
2023-04,7,R&D,-2570.2147040470536
2023-04,7,Rent,-2548.1925471985
2023-04,7,Salaries,-6270.744936155167
2023-04,7,Sales Returns,-725.0230726542692
2023-04,7,Taxes,-1318.3562141459101
2023-04,7,Travel & Entertainment,-470.85298467351384
2023-04,8,Depreciation,-171.2007795696434
2023-04,8,Direct Labor,-1830.244897221688
2023-04,8,Direct Materials,-2476.8285288879665
2023-04,8,Gross Revenue,3648.371348435534
2023-04,8,Interest,-31.809624208873277
2023-04,8,Manufacturing Overhead,-338.09853326218473
2023-04,8,Marketing,-1086.9642933886134
2023-04,8,Net Revenue,15306.509733928788
2023-04,8,Office Supplies,-98.66011850426248
2023-04,8,Rent,-4635.561094062442
2023-04,8,Salaries,-12755.821821031308
2023-04,8,Sales Returns,-680.952472316394
2023-04,8,Taxes,-919.3117940605628
2023-04,8,Travel & Entertainment,-962.2256991566603
2023-04,8,Utilities,-1753.7546394349954
2023-05,1,Direct Labor,-2919.32349633033
2023-05,1,Direct Materials,-492.95611274202236
2023-05,1,Gross Revenue,9654.142913010422
2023-05,1,Interest,-85.8313989927356
2023-05,1,Manufacturing Overhead,-277.31275686583047
2023-05,1,Marketing,-1323.436030833947
2023-05,1,Net Revenue,23839.67398611793
2023-05,1,Office Supplies,-374.98233770460524
2023-05,1,Rent,-4791.564643513609
2023-05,1,Salaries,-22404.203276672415
2023-05,1,Sales Commissions,-756.477721563423
2023-05,1,Sales Returns,-637.7217444883
2023-05,1,Taxes,-1241.4084669045913
2023-05,1,Travel & Entertainment,-1340.0447030770938
2023-05,1,Utilities,-280.27510660947706
2023-05,2,Amortization,-50.36792748100013
2023-05,2,Depreciation,-79.03554418362117
2023-05,2,Direct Labor,-3179.6041994010384
2023-05,2,Direct Materials,-844.3103060934693
2023-05,2,Gross Revenue,17346.524784115027
2023-05,2,Interest,-156.15048095389125
2023-05,2,Manufacturing Overhead,-781.6969068786276
2023-05,2,Marketing,-930.685641318251
2023-05,2,Net Revenue,22222.50634445775
2023-05,2,Office Supplies,-359.964253578293
2023-05,2,Salaries,-14229.157423080915
2023-05,2,Sales Commissions,-304.4598904817057
2023-05,2,Sales Returns,-295.88262703770596
2023-05,2,Taxes,-689.3262802911344
2023-05,2,Travel & Entertainment,-399.4619016781385
2023-05,2,Utilities,-113.25610232664538
2023-05,3,Amortization,-101.48436312247341
2023-05,3,Depreciation,-751.2415427910297
2023-05,3,Direct Labor,-807.372118929753
2023-05,3,Direct Materials,-1524.829717401191
2023-05,3,Gross Revenue,20500.302404613685
2023-05,3,Interest,-123.55244962844468
2023-05,3,Manufacturing Overhead,-606.2095419485872
2023-05,3,Marketing,-726.6653055310057
2023-05,3,Net Revenue,37290.85867343118
2023-05,3,R&D,-5255.975273843745
2023-05,3,Rent,-711.699463422483
2023-05,3,Salaries,-12172.148575476716
2023-05,3,Sales Commissions,-551.765807940457
2023-05,3,Taxes,-375.46085800857895
2023-05,3,Travel & Entertainment,-182.10250101690522
2023-05,4,Depreciation,-177.99771986476486
2023-05,4,Direct Labor,-231.08637226561453
2023-05,4,Direct Materials,-3608.507445021197
2023-05,4,Gross Revenue,7782.626548326058
2023-05,4,Interest,-86.83325306359053
2023-05,4,Manufacturing Overhead,-940.4113043093301
2023-05,4,Marketing,-417.6832540675731
2023-05,4,Net Revenue,12143.843535825015
2023-05,4,Office Supplies,-859.2416870665684
2023-05,4,Rent,-2458.747070779981
2023-05,4,Sales Commissions,-736.309818182003
2023-05,4,Sales Returns,-378.12078630631896
2023-05,4,Taxes,-378.1945734558974
2023-05,4,Travel & Entertainment,-80.94873768909417
2023-05,4,Utilities,-646.1242770385899
2023-05,5,Depreciation,-101.32533511732721
2023-05,5,Direct Labor,-568.1041911785737
2023-05,5,Gross Revenue,21131.410683329348
2023-05,5,Interest,-72.39476119837033
2023-05,5,Manufacturing Overhead,-57.218956075461186
2023-05,5,Marketing,-1233.3374624502837
2023-05,5,Net Revenue,25556.03877798367
2023-05,5,Office Supplies,-534.7323239993283
2023-05,5,R&D,-6007.01924328034
2023-05,5,Rent,-3650.423664307511
2023-05,5,Salaries,-28660.80905306049
2023-05,5,Sales Commissions,-390.1744790737788
2023-05,5,Sales Returns,-436.93369919020057
2023-05,5,Taxes,-1426.6666733934471
2023-05,5,Travel & Entertainment,-566.9929071906574
2023-05,5,Utilities,-1682.0426139465833
2023-05,6,Direct Labor,-1427.7345973593087
2023-05,6,Direct Materials,-3235.6504267049627
2023-05,6,Gross Revenue,4861.69603734908
2023-05,6,Interest,-43.532528625844364
2023-05,6,Manufacturing Overhead,-175.9536921930833
2023-05,6,Marketing,-1589.1315384610448
2023-05,6,Net Revenue,5831.457399486248
2023-05,6,Office Supplies,-689.1667636680861
2023-05,6,R&D,-7488.533287158134
2023-05,6,Rent,-6869.779688489984
2023-05,6,Salaries,-25418.928957455082
2023-05,6,Sales Commissions,-502.5546463615804
2023-05,6,Sales Returns,-113.13573063294562
2023-05,6,Taxes,-722.410048276693
2023-05,6,Travel & Entertainment,-237.6619880035055
2023-05,6,Utilities,-568.9384288865537
2023-05,7,Depreciation,-179.5511127554276
2023-05,7,Direct Labor,-1230.3452936972496
2023-05,7,Direct Materials,-1293.5006420876884
2023-05,7,Gross Revenue,4639.917865036226
2023-05,7,Interest,-88.80118119713374
2023-05,7,Manufacturing Overhead,-202.8887282039516
2023-05,7,Marketing,-1149.864146530614
2023-05,7,Net Revenue,12732.33030220466
2023-05,7,Office Supplies,-664.6581372590153
2023-05,7,Rent,-804.7026134124717
2023-05,7,Salaries,-11980.102483930557
2023-05,7,Sales Commissions,-774.1411249379346
2023-05,7,Sales Returns,-178.94107925551344
2023-05,7,Taxes,-1576.7065715582153
2023-05,7,Travel & Entertainment,-685.666904977739
2023-05,8,Depreciation,-308.36235157880355
2023-05,8,Direct Labor,-1107.885756798428
2023-05,8,Direct Materials,-1701.3603644886105
2023-05,8,Gross Revenue,6457.057132161948
2023-05,8,Interest,-68.5072695847859
2023-05,8,Manufacturing Overhead,-228.82389731541977
2023-05,8,Marketing,-741.2767303559854
2023-05,8,Net Revenue,14510.226212999733
2023-05,8,Office Supplies,-311.81737001579233
2023-05,8,R&D,-1934.8361628543892
2023-05,8,Rent,-3149.10804397856
2023-05,8,Salaries,-5991.573204197395
2023-05,8,Sales Commissions,-2058.9195852709536
2023-05,8,Taxes,-2589.701299447531
2023-05,8,Travel & Entertainment,-202.35989451456524
2023-05,8,Utilities,-506.12315491575856
2023-06,1,Direct Labor,-661.0290853755233
2023-06,1,Direct Materials,-2253.320024172073
2023-06,1,Gross Revenue,4239.456015441741
2023-06,1,Interest,-100.42124412401802
2023-06,1,Manufacturing Overhead,-511.33905437680613
2023-06,1,Marketing,-987.5266075207068
2023-06,1,Net Revenue,8785.505620024782
2023-06,1,Office Supplies,-399.5139169356477
2023-06,1,Rent,-3622.5629719833637
2023-06,1,Salaries,-11226.08107743862
2023-06,1,Sales Commissions,-1268.037425240926
2023-06,1,Sales Returns,-229.76713003506552
2023-06,1,Taxes,-998.352835117884
2023-06,1,Travel & Entertainment,-428.432029589656
2023-06,1,Utilities,-695.3286961995187
2023-06,2,Direct Labor,-398.067279542135
2023-06,2,Interest,-104.6601104374279
2023-06,2,Manufacturing Overhead,-310.5973964213785
2023-06,2,Marketing,-1536.7580652069323
2023-06,2,Net Revenue,34173.48812284033
2023-06,2,Office Supplies,-520.0889705714892
2023-06,2,R&D,-1825.6510938477277
2023-06,2,Rent,-2941.993243302871
2023-06,2,Salaries,-22997.081091186752
2023-06,2,Sales Commissions,-262.083003191826
2023-06,2,Taxes,-148.79382814153453
2023-06,2,Travel & Entertainment,-167.4233829106524
2023-06,2,Utilities,-156.6063603894778
2023-06,3,Depreciation,-183.53367993987442
2023-06,3,Direct Labor,-3273.0809945217093
2023-06,3,Direct Materials,-596.94801352466
2023-06,3,Gross Revenue,6333.6905535296655
2023-06,3,Interest,-49.41381424949325
2023-06,3,Manufacturing Overhead,-332.70917847693886
2023-06,3,Marketing,-1147.166244157054
2023-06,3,Net Revenue,6867.807390680615
2023-06,3,Office Supplies,-157.9758682641389
2023-06,3,R&D,-3745.2829387180122
2023-06,3,Rent,-1767.1038075951194
2023-06,3,Salaries,-9522.680666459828
2023-06,3,Sales Commissions,-443.3449413911924
2023-06,3,Sales Returns,-152.60793681839095
2023-06,3,Taxes,-675.3609610033708
2023-06,3,Travel & Entertainment,-642.3697677767826
2023-06,3,Utilities,-958.7734608296382
2023-06,4,Amortization,-48.44928034442994
2023-06,4,Depreciation,-456.84630615071
2023-06,4,Direct Labor,-1229.1648106713442
2023-06,4,Direct Materials,-1232.8821927469214
2023-06,4,Gross Revenue,13826.81672869135
2023-06,4,Interest,-69.519932546045
2023-06,4,Manufacturing Overhead,-344.37569998256544
2023-06,4,Marketing,-517.2350481480404
2023-06,4,Net Revenue,17392.65955064477
2023-06,4,Office Supplies,-228.6163675141058
2023-06,4,Rent,-2290.3578738529195
2023-06,4,Sales Commissions,-1027.4790241160656
2023-06,4,Sales Returns,-540.3607125538223
2023-06,4,Taxes,-587.7062059071719
2023-06,4,Travel & Entertainment,-427.36072087250153
2023-06,4,Utilities,-510.0796409393193
2023-06,5,Amortization,-83.64453561733923
2023-06,5,Depreciation,-149.61582448377206
2023-06,5,Direct Labor,-417.80562886870524
2023-06,5,Direct Materials,-3051.805296774907
2023-06,5,Gross Revenue,12113.392371457281
2023-06,5,Interest,-117.62067321618248
2023-06,5,Manufacturing Overhead,-383.74882072925715
2023-06,5,Marketing,-287.79707757702846
2023-06,5,Net Revenue,15854.974953595789
2023-06,5,Rent,-1669.4137192386227
2023-06,5,Salaries,-21672.359206070254
2023-06,5,Sales Commissions,-729.5236847481693
2023-06,5,Sales Returns,-103.41675554682982
2023-06,5,Taxes,-1509.3628601839969
2023-06,5,Travel & Entertainment,-717.9792298125052
2023-06,6,Direct Labor,-1683.5135978160456
2023-06,6,Direct Materials,-575.1515742924145
2023-06,6,Gross Revenue,9742.831837391634
2023-06,6,Manufacturing Overhead,-258.77159728103015
2023-06,6,Marketing,-469.3324472165055
2023-06,6,Net Revenue,9141.063477487034
2023-06,6,Office Supplies,-249.66588993892313
2023-06,6,Salaries,-19823.760419245
2023-06,6,Sales Commissions,-939.5821163412058
2023-06,6,Sales Returns,-538.9460362845241
2023-06,6,Taxes,-1451.2623164413578
2023-06,6,Travel & Entertainment,-685.3650169038568
2023-06,6,Utilities,-1167.0830481587204
2023-06,7,Direct Labor,-3291.824534587929
2023-06,7,Direct Materials,-1945.7689738837278
2023-06,7,Gross Revenue,5268.292353219375
2023-06,7,Interest,-86.12021967573408
2023-06,7,Manufacturing Overhead,-365.3796655370677
2023-06,7,Marketing,-397.40684694652003
2023-06,7,Net Revenue,11440.68489393269
2023-06,7,Office Supplies,-289.25842349763286
2023-06,7,Rent,-3547.7599813848906
2023-06,7,Salaries,-24892.242147850335
2023-06,7,Taxes,-1503.7444828810235
2023-06,7,Travel & Entertainment,-438.29122399239975
2023-06,7,Utilities,-355.55077596369944
2023-06,8,Amortization,-170.92638846656703
2023-06,8,Depreciation,-162.21541127202175
2023-06,8,Direct Labor,-669.9990823232346
2023-06,8,Gross Revenue,11325.924434509374
2023-06,8,Interest,-30.272629295461872
2023-06,8,Manufacturing Overhead,-675.9909265828645
2023-06,8,Marketing,-1647.43156461002
2023-06,8,Net Revenue,14953.949172565126
2023-06,8,Office Supplies,-778.1014874952102
2023-06,8,R&D,-2929.6587402683504
2023-06,8,Rent,-3307.325198239942
2023-06,8,Salaries,-20371.753701124544
2023-06,8,Sales Commissions,-583.8820163970989
2023-06,8,Sales Returns,-622.5378737257809
2023-06,8,Taxes,-1286.3474902499124
2023-06,8,Travel & Entertainment,-574.7548298263463
2023-06,8,Utilities,-203.22805414054938
2023-07,1,Direct Labor,-1919.2532625215506
2023-07,1,Direct Materials,-1083.6550151970162
2023-07,1,Gross Revenue,6306.278358460227
2023-07,1,Interest,-81.85613908367279
2023-07,1,Manufacturing Overhead,-760.0940361093237
2023-07,1,Marketing,-2105.319520377159
2023-07,1,Net Revenue,14072.759280683451
2023-07,1,Office Supplies,-334.09921504076175
2023-07,1,Rent,-657.4448304235757
2023-07,1,Salaries,-5538.753911960821
2023-07,1,Sales Commissions,-991.2588567899425
2023-07,1,Sales Returns,-285.13417876042837
2023-07,1,Taxes,-432.7105356084798
2023-07,1,Travel & Entertainment,-1091.7087675240791
2023-07,1,Utilities,-431.5342120354136
2023-07,2,Amortization,-76.179284365187
2023-07,2,Depreciation,-170.97471018340323
2023-07,2,Direct Labor,-892.5113774334042
2023-07,2,Direct Materials,-463.06713692579393
2023-07,2,Gross Revenue,6192.743532951479
2023-07,2,Interest,-188.87702800032218
2023-07,2,Manufacturing Overhead,-330.82961749718436
2023-07,2,Marketing,-439.90921744965834
2023-07,2,Net Revenue,15783.352144646706
2023-07,2,Office Supplies,-110.21708647606846
2023-07,2,R&D,-4754.118083104144
2023-07,2,Salaries,-8504.021706607531
2023-07,2,Sales Commissions,-827.2365267948588
2023-07,2,Sales Returns,-347.4342154046062
2023-07,2,Taxes,-1440.2389101784433
2023-07,2,Travel & Entertainment,-252.23765917194262
2023-07,2,Utilities,-782.9365271987673
2023-07,3,Amortization,-96.2075706279226
2023-07,3,Depreciation,-228.3114721093006
2023-07,3,Direct Labor,-1153.9511595494237
2023-07,3,Direct Materials,-2231.871188895418
2023-07,3,Gross Revenue,13025.795339661408
2023-07,3,Interest,-70.8700268664986
2023-07,3,Manufacturing Overhead,-1047.0288057126697
2023-07,3,Marketing,-789.1932815778287
2023-07,3,Net Revenue,12020.509304417319
2023-07,3,Office Supplies,-100.83357558476902
2023-07,3,R&D,-7170.403583665081
2023-07,3,Rent,-1645.0357599293557
2023-07,3,Salaries,-8124.165461405033
2023-07,3,Sales Commissions,-1673.5452129896862
2023-07,3,Travel & Entertainment,-282.55707311489766
2023-07,3,Utilities,-426.43282161181924
2023-07,4,Amortization,-77.32002824984676
2023-07,4,Depreciation,-132.90661640296912
2023-07,4,Direct Labor,-668.4603503445568
2023-07,4,Direct Materials,-1622.7349848952329
2023-07,4,Gross Revenue,2255.132627344236
2023-07,4,Interest,-71.10097667612112
2023-07,4,Manufacturing Overhead,-444.6331123765698
2023-07,4,Marketing,-906.4905122277919
2023-07,4,Net Revenue,14974.633407385978
2023-07,4,Office Supplies,-66.50039743602495
2023-07,4,R&D,-5335.692046768836
2023-07,4,Rent,-5633.7527438689585
2023-07,4,Salaries,-9308.441280757805
2023-07,4,Sales Returns,-214.666912377906
2023-07,4,Taxes,-376.5708902164694
2023-07,4,Travel & Entertainment,-457.9205925382423
2023-07,4,Utilities,-600.9334525449076
2023-07,5,Depreciation,-148.53998584478384
2023-07,5,Direct Labor,-105.56892777222524
2023-07,5,Direct Materials,-610.7855624281391
2023-07,5,Gross Revenue,1222.7028248918446
2023-07,5,Interest,-61.10118738357665
2023-07,5,Manufacturing Overhead,-708.9399238323308
2023-07,5,Marketing,-337.24548328774324
2023-07,5,Net Revenue,2179.7528627644706
2023-07,5,Office Supplies,-715.1714086853525
2023-07,5,Rent,-1369.5771905749234
2023-07,5,Sales Commissions,-562.2158994912288
2023-07,5,Taxes,-578.9605173574057
2023-07,5,Travel & Entertainment,-749.0461451971001
2023-07,6,Amortization,-45.208759058296
2023-07,6,Depreciation,-328.6454272188431
2023-07,6,Direct Labor,-1304.2045357554925
2023-07,6,Direct Materials,-1767.0974086581589
2023-07,6,Gross Revenue,2065.578956024813
2023-07,6,Interest,-86.09395351550671
2023-07,6,Manufacturing Overhead,-341.0103090636028
2023-07,6,Marketing,-671.1600734448539
2023-07,6,Net Revenue,5008.011462558318
2023-07,6,Office Supplies,-828.5205255173055
2023-07,6,R&D,-2182.023930644757
2023-07,6,Rent,-602.763349396247
2023-07,6,Salaries,-11199.541040503256
2023-07,6,Sales Commissions,-1876.6482002259984
2023-07,6,Sales Returns,-433.9632933056495
2023-07,6,Taxes,-593.6760071908069
2023-07,6,Travel & Entertainment,-459.7041751117365
2023-07,6,Utilities,-851.8529909820189
2023-07,7,Depreciation,-148.18959318770507
2023-07,7,Direct Labor,-716.57255976571
2023-07,7,Gross Revenue,6157.696954797902
2023-07,7,Interest,-86.46084152798932
2023-07,7,Manufacturing Overhead,-361.6008025746904
2023-07,7,Marketing,-1101.389947344387
2023-07,7,Net Revenue,13280.629835757574
2023-07,7,Rent,-2742.95433853262
2023-07,7,Salaries,-23217.017438618805
2023-07,7,Sales Commissions,-443.51279016404385
2023-07,7,Sales Returns,-120.3128006592393
2023-07,7,Taxes,-695.945694605201
2023-07,7,Travel & Entertainment,-569.4829915013538
2023-07,7,Utilities,-675.4771329273614
2023-07,8,Amortization,-20.206764344475367
2023-07,8,Depreciation,-143.89239077081933
2023-07,8,Direct Labor,-257.01027281439866
2023-07,8,Direct Materials,-366.53599239554086
2023-07,8,Gross Revenue,2512.28850889948
2023-07,8,Interest,-68.56055558927629
2023-07,8,Manufacturing Overhead,-357.80161609524635
2023-07,8,Marketing,-1276.3458538447946
2023-07,8,Net Revenue,13620.025720681115
2023-07,8,Office Supplies,-947.256601684033
2023-07,8,R&D,-2493.655067969276
2023-07,8,Rent,-1848.2024539708416
2023-07,8,Salaries,-27047.470522333388
2023-07,8,Sales Returns,-180.63994630435772
2023-07,8,Taxes,-372.0292689067223
2023-07,8,Travel & Entertainment,-688.3379761584404
2023-07,8,Utilities,-1160.0462971542463
2023-08,1,Direct Labor,-688.9056820555949
2023-08,1,Direct Materials,-1437.7204473394854
2023-08,1,Gross Revenue,1567.0354299595363
2023-08,1,Interest,-69.03525356215725
2023-08,1,Manufacturing Overhead,-145.33412893873452
2023-08,1,Marketing,-559.0192686391971
2023-08,1,Net Revenue,6165.893767768458
2023-08,1,Office Supplies,-636.5830539792638
2023-08,1,Rent,-2691.6497033782216
2023-08,1,Salaries,-2415.607674003919
2023-08,1,Sales Commissions,-190.0334410886786
2023-08,1,Sales Returns,-574.6611296965009
2023-08,1,Taxes,-2257.5877852844797
2023-08,1,Travel & Entertainment,-391.7676853725394
2023-08,1,Utilities,-609.6845390821765
2023-08,2,Amortization,-56.62183112360384
2023-08,2,Depreciation,-205.14679405329383
2023-08,2,Direct Labor,-1368.6298840831037
2023-08,2,Gross Revenue,10829.31831475713
2023-08,2,Interest,-75.24694952363335
2023-08,2,Manufacturing Overhead,-488.3236701869898
2023-08,2,Marketing,-1542.4968838280115
2023-08,2,Net Revenue,14322.500767431156
2023-08,2,Office Supplies,-87.66002522840745
2023-08,2,R&D,-1878.5973196612424
2023-08,2,Rent,-3552.8448160972075
2023-08,2,Sales Commissions,-475.0205460692256
2023-08,2,Sales Returns,-335.14081371656795
2023-08,2,Taxes,-1187.6594145871195
2023-08,2,Travel & Entertainment,-161.6494375153612
2023-08,2,Utilities,-478.6470144202549
2023-08,3,Amortization,-64.90564201441919
2023-08,3,Depreciation,-635.1862875835329
2023-08,3,Direct Labor,-920.2134506805033
2023-08,3,Direct Materials,-1215.884522391177
2023-08,3,Gross Revenue,3372.4564529667987
2023-08,3,Interest,-39.54105437875764
2023-08,3,Manufacturing Overhead,-94.25317619669076
2023-08,3,Marketing,-580.1303743941546
2023-08,3,Net Revenue,11934.777678786959
2023-08,3,Office Supplies,-803.269844079606
2023-08,3,R&D,-6412.979136881088
2023-08,3,Rent,-10474.207284447099
2023-08,3,Salaries,-15430.787914051389
2023-08,3,Sales Commissions,-1706.239115767372
2023-08,3,Taxes,-866.5725101886748
2023-08,3,Travel & Entertainment,-241.88658820311784
2023-08,3,Utilities,-1204.5529375789658
2023-08,4,Amortization,-110.97460967943476
2023-08,4,Depreciation,-217.27509656364518
2023-08,4,Direct Labor,-2931.995034907291
2023-08,4,Direct Materials,-2218.6725519233237
2023-08,4,Gross Revenue,6714.412899679342
2023-08,4,Interest,-96.67246043851743
2023-08,4,Manufacturing Overhead,-391.48898416170357
2023-08,4,Marketing,-984.7271578674819
2023-08,4,Net Revenue,17561.094138654225
2023-08,4,Office Supplies,-435.7578310449742
2023-08,4,R&D,-20756.98234758391
2023-08,4,Rent,-5213.231718073604
2023-08,4,Salaries,-2990.7001093824183
2023-08,4,Sales Commissions,-223.92802155126884
2023-08,4,Sales Returns,-509.2675091293169
2023-08,4,Taxes,-1401.3533870387807
2023-08,4,Travel & Entertainment,-620.5220427106101
2023-08,4,Utilities,-267.4509003965765
2023-08,5,Depreciation,-266.4668038891787
2023-08,5,Direct Labor,-1895.2667582284305
2023-08,5,Direct Materials,-1300.2802206597007
2023-08,5,Gross Revenue,12730.853098318796
2023-08,5,Interest,-88.34112345288155
2023-08,5,Manufacturing Overhead,-266.94827306613547
2023-08,5,Marketing,-1065.4913904557711
2023-08,5,Net Revenue,20717.008697993693
2023-08,5,Office Supplies,-794.5492230111034
2023-08,5,R&D,-3947.7692982023204
2023-08,5,Rent,-1933.57483034222
2023-08,5,Salaries,-26150.830111270534
2023-08,5,Sales Commissions,-915.7142044488711
2023-08,5,Sales Returns,-221.61036502701643
2023-08,5,Taxes,-1240.1509056728275
2023-08,5,Travel & Entertainment,-484.22216418617535
2023-08,5,Utilities,-242.95391974589973
2023-08,6,Direct Labor,-584.3617254587841
2023-08,6,Direct Materials,-429.22851816633636
2023-08,6,Gross Revenue,4140.84421938474
2023-08,6,Interest,-87.68823164873615
2023-08,6,Manufacturing Overhead,-657.4358074361957
2023-08,6,Marketing,-794.0765394713545
2023-08,6,Net Revenue,14716.552138169085
2023-08,6,Office Supplies,-300.3780107865212
2023-08,6,Salaries,-11332.243039730769
2023-08,6,Sales Commissions,-808.5868352025349
2023-08,6,Sales Returns,-672.8942345709986
2023-08,6,Taxes,-768.4835452669898
2023-08,6,Travel & Entertainment,-445.47222208682484
2023-08,6,Utilities,-446.4802431845976
2023-08,7,Depreciation,-263.8603302402343
2023-08,7,Direct Labor,-2731.506947665947
2023-08,7,Direct Materials,-536.6006161869456
2023-08,7,Gross Revenue,6102.095396173308
2023-08,7,Interest,-42.23022219985832
2023-08,7,Marketing,-671.3353992620505
2023-08,7,Net Revenue,10225.184433754755
2023-08,7,Office Supplies,-125.67274096099626
2023-08,7,Rent,-1456.5025049550993
2023-08,7,Salaries,-15737.030313985306
2023-08,7,Sales Returns,-243.94644803103114
2023-08,7,Taxes,-1126.5963433568363
2023-08,7,Travel & Entertainment,-384.497588623228
2023-08,7,Utilities,-186.12927102571334
2023-08,8,Amortization,-46.44384707239194
2023-08,8,Direct Labor,-595.9582445955828
2023-08,8,Direct Materials,-1341.834848110246
2023-08,8,Gross Revenue,15888.771626456368
2023-08,8,Interest,-79.10704859648052
2023-08,8,Manufacturing Overhead,-439.64642020463117
2023-08,8,Marketing,-362.0470651392362
2023-08,8,Net Revenue,15120.906561652739
2023-08,8,Office Supplies,-232.9555089549609
2023-08,8,R&D,-2504.5224258276944
2023-08,8,Rent,-2965.9787705618805
2023-08,8,Salaries,-24698.786568723022
2023-08,8,Sales Commissions,-858.1293658347508
2023-08,8,Sales Returns,-371.0702514276204
2023-08,8,Taxes,-440.78881246836113
2023-08,8,Travel & Entertainment,-380.2095843424825
2023-08,8,Utilities,-765.8596989445228
2023-09,1,Direct Labor,-1143.9827874069476
2023-09,1,Gross Revenue,1186.9657118406556
2023-09,1,Interest,-49.60664143997699
2023-09,1,Manufacturing Overhead,-192.99544926634167
2023-09,1,Marketing,-150.58597601830294
2023-09,1,Net Revenue,8128.634364263891
2023-09,1,Office Supplies,-74.46872305128596
2023-09,1,Rent,-3387.260902091605
2023-09,1,Salaries,-16567.320126836574
2023-09,1,Sales Returns,-507.9486202633921
2023-09,1,Taxes,-506.5150622891764
2023-09,1,Travel & Entertainment,-470.1682729506414
2023-09,1,Utilities,-660.1794795209776
2023-09,2,Amortization,-100.41000640924464
2023-09,2,Depreciation,-169.26853577162558
2023-09,2,Gross Revenue,6225.814615229765
2023-09,2,Interest,-119.90473277057353
2023-09,2,Manufacturing Overhead,-479.8306412670295
2023-09,2,Marketing,-1107.1863783004478
2023-09,2,Net Revenue,11141.791834099718
2023-09,2,Office Supplies,-184.11679002575642
2023-09,2,R&D,-1410.6393005280447
2023-09,2,Rent,-1482.0693786426898
2023-09,2,Salaries,-15165.265421735725
2023-09,2,Travel & Entertainment,-400.5068303480347
2023-09,3,Amortization,-29.478572447367565
2023-09,3,Depreciation,-179.79275114706823
2023-09,3,Direct Labor,-671.0735240606402
2023-09,3,Direct Materials,-1249.627690218901
2023-09,3,Gross Revenue,7291.569257619503
2023-09,3,Interest,-55.4673409503415
2023-09,3,Manufacturing Overhead,-357.96321422018656
2023-09,3,Marketing,-794.9485510851179
2023-09,3,Net Revenue,12142.591496094667
2023-09,3,R&D,-1045.0262004156925
2023-09,3,Rent,-2401.191486587386
2023-09,3,Salaries,-25674.581156724504
2023-09,3,Sales Commissions,-999.1579638020993
2023-09,3,Sales Returns,-472.23111703118985
2023-09,3,Taxes,-102.06083784611572
2023-09,3,Travel & Entertainment,-271.86011841411107
2023-09,3,Utilities,-772.2827462991369
2023-09,4,Amortization,-126.98121793704934
2023-09,4,Direct Labor,-2029.2856388971647
2023-09,4,Direct Materials,-584.1756896562257
2023-09,4,Gross Revenue,16341.583327385575
2023-09,4,Interest,-26.055046113711846
2023-09,4,Manufacturing Overhead,-779.1669286794873
2023-09,4,Marketing,-458.7010843672006
2023-09,4,Net Revenue,19190.007269488462
2023-09,4,Office Supplies,-576.047224088462
2023-09,4,R&D,-1816.0587887420913
2023-09,4,Rent,-3148.503374344348
2023-09,4,Salaries,-17258.284567172508
2023-09,4,Sales Commissions,-742.4803964416296
2023-09,4,Travel & Entertainment,-499.11213383300856
2023-09,5,Amortization,-89.4750954073048
2023-09,5,Depreciation,-102.63386901424444
2023-09,5,Direct Labor,-168.53201171174695
2023-09,5,Direct Materials,-1324.0473793392807
2023-09,5,Gross Revenue,1258.321436206758
2023-09,5,Interest,-152.87450221746377
2023-09,5,Marketing,-973.3350105434845
2023-09,5,Net Revenue,3927.469837173033
2023-09,5,Office Supplies,-200.94687047981614
2023-09,5,Rent,-4209.140472812117
2023-09,5,Salaries,-8024.386037053763
2023-09,5,Sales Commissions,-840.1954071308564
2023-09,5,Sales Returns,-627.3024659410426
2023-09,5,Taxes,-135.01117424570987
2023-09,5,Travel & Entertainment,-176.09972805388395
2023-09,5,Utilities,-727.5004647921379
2023-09,6,Amortization,-99.00861245154242
2023-09,6,Depreciation,-516.8572560698781
2023-09,6,Direct Labor,-2042.4450915244206
2023-09,6,Direct Materials,-729.6322739812662
2023-09,6,Gross Revenue,16898.085360569872
2023-09,6,Interest,-89.21025394542099
2023-09,6,Marketing,-475.477031969748
2023-09,6,Net Revenue,21060.86984944047
2023-09,6,Office Supplies,-277.5407222362843
2023-09,6,Rent,-3794.7693900186737
2023-09,6,Salaries,-18198.261911420876
2023-09,6,Taxes,-871.6036672987486
2023-09,6,Travel & Entertainment,-198.60083352797614
2023-09,6,Utilities,-819.450802087727
2023-09,7,Depreciation,-316.5128373693794
2023-09,7,Direct Labor,-1972.824489550261
2023-09,7,Gross Revenue,3158.3214870642246
2023-09,7,Interest,-71.18010898387614
2023-09,7,Marketing,-926.4025922625311
2023-09,7,Net Revenue,5354.757868176146
2023-09,7,Rent,-2827.9937940527298
2023-09,7,Salaries,-12705.899402591902
2023-09,7,Sales Commissions,-811.6470329709804
2023-09,7,Taxes,-1202.3567658977815
2023-09,7,Travel & Entertainment,-90.59510395217025
2023-09,7,Utilities,-455.15048690874613
2023-09,8,Direct Labor,-704.7449391703858
2023-09,8,Direct Materials,-1403.87753059658
2023-09,8,Gross Revenue,5879.255031652212
2023-09,8,Interest,-103.66441894972161
2023-09,8,Manufacturing Overhead,-679.2791757106962
2023-09,8,Marketing,-895.4586999095487
2023-09,8,Net Revenue,11533.792362212615
2023-09,8,Office Supplies,-64.44642099908441
2023-09,8,Rent,-2598.762320010423
2023-09,8,Salaries,-3962.934091372404
2023-09,8,Sales Commissions,-342.14037646024826
2023-09,8,Sales Returns,-212.91175895864245
2023-09,8,Taxes,-1306.069271941378
2023-09,8,Travel & Entertainment,-568.7798655553818
2023-09,8,Utilities,-841.9673948703838
2023-10,1,Direct Labor,-1177.1332824431254
2023-10,1,Direct Materials,-1837.9700901516342
2023-10,1,Gross Revenue,3902.126100516807
2023-10,1,Interest,-107.63482074963908
2023-10,1,Manufacturing Overhead,-676.5166639608805
2023-10,1,Marketing,-423.36691728312456
2023-10,1,Net Revenue,15429.701781834587
2023-10,1,Office Supplies,-764.8400550126278
2023-10,1,Salaries,-12065.048090177226
2023-10,1,Sales Commissions,-1448.554990640229
2023-10,1,Sales Returns,-177.77199906961746
2023-10,1,Taxes,-1580.5907738227602
2023-10,1,Travel & Entertainment,-749.6389995882953
2023-10,1,Utilities,-496.7848470198522
2023-10,2,Amortization,-189.08019764802114
2023-10,2,Direct Labor,-833.1348266712926
2023-10,2,Gross Revenue,6425.591319098901
2023-10,2,Interest,-150.79557908814755
2023-10,2,Manufacturing Overhead,-282.8478624415655
2023-10,2,Marketing,-786.4534345741855
2023-10,2,Net Revenue,12158.455916185332
2023-10,2,R&D,-4732.746968216187
2023-10,2,Rent,-689.9048766644374
2023-10,2,Salaries,-27955.64819953759
2023-10,2,Sales Commissions,-521.5761092960793
2023-10,2,Sales Returns,-838.1046993403759
2023-10,2,Taxes,-1260.6191312911951
2023-10,2,Travel & Entertainment,-842.9326522631957
2023-10,2,Utilities,-906.0385982289125
2023-10,3,Amortization,-223.85048840207844
2023-10,3,Depreciation,-163.51946878845192
2023-10,3,Direct Labor,-2640.2548332454107
2023-10,3,Direct Materials,-2720.526091842905
2023-10,3,Gross Revenue,15589.729526895102
2023-10,3,Interest,-38.20299019103258
2023-10,3,Manufacturing Overhead,-272.98964331727666
2023-10,3,Marketing,-562.8059037586854
2023-10,3,Net Revenue,19612.747745516906
2023-10,3,Office Supplies,-692.9578121584626
2023-10,3,R&D,-11689.716284073622
2023-10,3,Rent,-2725.585430274707
2023-10,3,Salaries,-8020.965491260082
2023-10,3,Sales Commissions,-609.887600429261
2023-10,3,Sales Returns,-198.96113276572453
2023-10,3,Taxes,-2115.0428382031155
2023-10,3,Travel & Entertainment,-338.83464420497216
2023-10,3,Utilities,-1347.455655510906
2023-10,4,Amortization,-168.717407551707
2023-10,4,Depreciation,-298.8073369741634
2023-10,4,Direct Labor,-931.6891101681059
2023-10,4,Direct Materials,-738.1750999828806
2023-10,4,Gross Revenue,9442.324950525845
2023-10,4,Interest,-134.99183434627707
2023-10,4,Manufacturing Overhead,-118.72476153916978
2023-10,4,Marketing,-1100.3449757016656
2023-10,4,Net Revenue,23194.05957219388
2023-10,4,Office Supplies,-357.7677411675791
2023-10,4,R&D,-4166.343195364882
2023-10,4,Salaries,-2786.0689015560456
2023-10,4,Sales Commissions,-1367.59011348195
2023-10,4,Sales Returns,-386.75874667462887
2023-10,4,Taxes,-1132.9538861882015
2023-10,4,Travel & Entertainment,-248.67295992707895
2023-10,4,Utilities,-724.7152072565847
2023-10,5,Direct Labor,-1550.8444790116853
2023-10,5,Direct Materials,-1277.996162342939
2023-10,5,Gross Revenue,24472.288653900014
2023-10,5,Interest,-160.48462514214492
2023-10,5,Manufacturing Overhead,-613.1577482188895
2023-10,5,Marketing,-704.941872686929
2023-10,5,Net Revenue,32579.338199753645
2023-10,5,Office Supplies,-48.71406120835491
2023-10,5,Rent,-1082.397063134438
2023-10,5,Salaries,-14949.492960515026
2023-10,5,Sales Commissions,-574.8178650911609
2023-10,5,Sales Returns,-435.2644995385091
2023-10,5,Taxes,-481.4910822864914
2023-10,5,Travel & Entertainment,-567.4193146839632
2023-10,5,Utilities,-890.8992899521007
2023-10,6,Depreciation,-114.13341788356601
2023-10,6,Direct Materials,-560.1827486344094
2023-10,6,Gross Revenue,4202.494820451963
2023-10,6,Interest,-170.42933941761493
2023-10,6,Manufacturing Overhead,-169.524996162932
2023-10,6,Marketing,-1993.7558273512423
2023-10,6,Net Revenue,10252.014864285546
2023-10,6,Office Supplies,-368.69121906668863
2023-10,6,R&D,-7064.065792612108
2023-10,6,Rent,-7280.111061885595
2023-10,6,Salaries,-17790.334040407935
2023-10,6,Sales Commissions,-196.75625478179296
2023-10,6,Sales Returns,-95.82072267179456
2023-10,6,Taxes,-547.6102284616167
2023-10,6,Travel & Entertainment,-291.974575239816
2023-10,6,Utilities,-265.282596924741
2023-10,7,Depreciation,-117.49581302703022
2023-10,7,Direct Labor,-1670.4644427115952
2023-10,7,Gross Revenue,10103.251541037567
2023-10,7,Interest,-55.07471147677315
2023-10,7,Manufacturing Overhead,-160.346924121861
2023-10,7,Marketing,-968.143437094383
2023-10,7,Net Revenue,15212.35453089402
2023-10,7,Office Supplies,-242.40810970496065
2023-10,7,R&D,-7147.698971180381
2023-10,7,Rent,-5392.318694011979
2023-10,7,Salaries,-30942.042025766885
2023-10,7,Sales Commissions,-2109.1433690758768
2023-10,7,Sales Returns,-510.592516778051
2023-10,7,Taxes,-107.36133752722738
2023-10,7,Travel & Entertainment,-876.9212516400514
2023-10,7,Utilities,-317.6272701734031
2023-10,8,Amortization,-25.55311420573305
2023-10,8,Depreciation,-392.18446178825565
2023-10,8,Direct Labor,-1250.9565110583162
2023-10,8,Direct Materials,-985.0012009890551
2023-10,8,Interest,-46.59196956529472
2023-10,8,Manufacturing Overhead,-87.26374243102411
2023-10,8,Marketing,-396.39635557023377
2023-10,8,Net Revenue,3729.0931833278937
2023-10,8,Office Supplies,-510.6964681402208
2023-10,8,Rent,-1115.2773431792732
2023-10,8,Salaries,-19536.175253326328
2023-10,8,Sales Commissions,-111.30909011003732
2023-10,8,Sales Returns,-112.49559148199496
2023-10,8,Taxes,-290.272802294466
2023-10,8,Travel & Entertainment,-555.7067610272463
2023-11,1,Direct Labor,-298.4613028608152
2023-11,1,Direct Materials,-1823.4093350922985
2023-11,1,Gross Revenue,5163.364972425803
2023-11,1,Manufacturing Overhead,-334.69541286231413
2023-11,1,Marketing,-307.1197391072103
2023-11,1,Net Revenue,16532.829913395453
2023-11,1,Office Supplies,-159.10629479044047
2023-11,1,Salaries,-7215.103517459858
2023-11,1,Sales Commissions,-443.7796717907987
2023-11,1,Sales Returns,-308.0506727079166
2023-11,1,Taxes,-264.277543136024
2023-11,1,Travel & Entertainment,-281.1894984850095
2023-11,2,Direct Labor,-273.3645701924704
2023-11,2,Direct Materials,-266.12842675476594
2023-11,2,Gross Revenue,7814.52511831404
2023-11,2,Interest,-67.7697835995183
2023-11,2,Manufacturing Overhead,-493.3846292430159
2023-11,2,Marketing,-1142.907693023008
2023-11,2,Net Revenue,16468.602900835227
2023-11,2,Office Supplies,-83.10698773963813
2023-11,2,R&D,-2793.6319317443663
2023-11,2,Rent,-1272.5636735286535
2023-11,2,Salaries,-7689.111227969016
2023-11,2,Sales Commissions,-300.5106891767991
2023-11,2,Sales Returns,-108.66965181445406
2023-11,2,Taxes,-171.600260530405
2023-11,2,Travel & Entertainment,-326.9321898633773
2023-11,2,Utilities,-120.0630257192235
2023-11,3,Amortization,-156.75692435829353
2023-11,3,Depreciation,-263.12614713063635
2023-11,3,Direct Labor,-1289.291990692978
2023-11,3,Direct Materials,-2185.5278970183135
2023-11,3,Gross Revenue,16945.110756122667
2023-11,3,Interest,-93.63661010724014
2023-11,3,Marketing,-555.1014238700216
2023-11,3,Net Revenue,28789.02012482196
2023-11,3,Office Supplies,-390.092154242139
2023-11,3,R&D,-5417.579108835253
2023-11,3,Rent,-1979.3721890537295
2023-11,3,Salaries,-26327.400679418697
2023-11,3,Sales Commissions,-991.0907672042479
2023-11,3,Sales Returns,-265.40778341291946
2023-11,3,Taxes,-431.65930950738556
2023-11,3,Travel & Entertainment,-889.1358831653343
2023-11,3,Utilities,-175.0933173812984
2023-11,4,Amortization,-60.477429818922374
2023-11,4,Direct Labor,-1218.7731602558365
2023-11,4,Direct Materials,-790.2758264732203
2023-11,4,Gross Revenue,3929.914020361066
2023-11,4,Interest,-42.35221234315448
2023-11,4,Manufacturing Overhead,-690.3461588485
2023-11,4,Marketing,-404.8401696082539
2023-11,4,Net Revenue,12096.078178687965
2023-11,4,Office Supplies,-415.9911575129437
2023-11,4,R&D,-7964.961407404255
2023-11,4,Rent,-5117.482681070106
2023-11,4,Salaries,-15106.655261566133
2023-11,4,Sales Commissions,-400.0314648297975
2023-11,4,Sales Returns,-323.38125332915314
2023-11,4,Taxes,-236.7231558621471
2023-11,4,Travel & Entertainment,-937.9506780453529
2023-11,4,Utilities,-272.23658827947355
2023-11,5,Amortization,-88.51042258911386
2023-11,5,Depreciation,-151.83036819769495
2023-11,5,Direct Labor,-2323.525248876731
2023-11,5,Gross Revenue,8083.320416824128
2023-11,5,Interest,-71.0130602721664
2023-11,5,Manufacturing Overhead,-823.5179039392136
2023-11,5,Marketing,-1255.5949860191683
2023-11,5,Net Revenue,12065.817160370743
2023-11,5,Office Supplies,-443.6113374373985
2023-11,5,R&D,-5160.707972548441
2023-11,5,Rent,-1589.1735513004342
2023-11,5,Salaries,-2941.773422606533
2023-11,5,Sales Commissions,-705.6606045437214
2023-11,5,Sales Returns,-493.3872724894026
2023-11,5,Taxes,-855.9780596746456
2023-11,5,Travel & Entertainment,-549.0603276384529
2023-11,6,Direct Labor,-1235.2607012036005
2023-11,6,Direct Materials,-994.4392435994205
2023-11,6,Gross Revenue,5080.640432675175
2023-11,6,Interest,-32.17058272923742
2023-11,6,Marketing,-1405.148576472491
2023-11,6,Net Revenue,9540.853658956808
2023-11,6,Office Supplies,-544.1576829105279
2023-11,6,Rent,-5666.108920239259
2023-11,6,Salaries,-4715.912447954162
2023-11,6,Sales Returns,-258.2109184059765
2023-11,6,Taxes,-446.2612085004033
2023-11,6,Travel & Entertainment,-328.6365161655473
2023-11,6,Utilities,-1425.4830730291337
2023-11,7,Depreciation,-153.7362960608776
2023-11,7,Direct Labor,-1957.4820935744951
2023-11,7,Direct Materials,-2251.6127395689405
2023-11,7,Gross Revenue,7654.473928106539
2023-11,7,Interest,-104.59805628965053
2023-11,7,Manufacturing Overhead,-289.87582428172755
2023-11,7,Marketing,-801.8967572911477
2023-11,7,Net Revenue,21400.897450977154
2023-11,7,Office Supplies,-317.1613364644934
2023-11,7,Rent,-1214.4527205881218
2023-11,7,Salaries,-5516.879814239385
2023-11,7,Sales Returns,-116.24271570620216
2023-11,7,Taxes,-1729.9073318872659
2023-11,7,Travel & Entertainment,-713.5820280977624
2023-11,7,Utilities,-667.3096126582649
2023-11,8,Depreciation,-305.37321290407584
2023-11,8,Direct Labor,-306.6412282346546
2023-11,8,Direct Materials,-397.36158662618294
2023-11,8,Gross Revenue,2365.4104462609666
2023-11,8,Interest,-85.70728638493833
2023-11,8,Manufacturing Overhead,-323.74799996369615
2023-11,8,Marketing,-424.47575085393987
2023-11,8,Net Revenue,4721.916129181938
2023-11,8,Office Supplies,-684.437005860843
2023-11,8,Rent,-1217.6919826081291
2023-11,8,Salaries,-17698.980291409433
2023-11,8,Sales Commissions,-373.0612846899885
2023-11,8,Sales Returns,-806.4424737333088
2023-11,8,Taxes,-1259.5564759578137
2023-11,8,Travel & Entertainment,-437.5740138961222
2023-11,8,Utilities,-377.3390010325314
2023-12,1,Direct Labor,-263.92671465559084
2023-12,1,Interest,-36.571702794598494
2023-12,1,Manufacturing Overhead,-401.2356343714989
2023-12,1,Marketing,-1217.8777291400834
2023-12,1,Net Revenue,6232.7632326546045
2023-12,1,Office Supplies,-956.0030784935931
2023-12,1,Salaries,-10826.821980815299
2023-12,1,Sales Commissions,-1086.1659985131757
2023-12,1,Sales Returns,-84.39659372564758
2023-12,1,Taxes,-675.3939422297393
2023-12,1,Travel & Entertainment,-302.9505963369509
2023-12,1,Utilities,-500.0734498111215
2023-12,2,Amortization,-115.5319526495809
2023-12,2,Depreciation,-74.33066089558692
2023-12,2,Direct Labor,-1035.4841971466478
2023-12,2,Direct Materials,-1735.684128626022
2023-12,2,Gross Revenue,16248.519850741788
2023-12,2,Interest,-109.49765827780249
2023-12,2,Manufacturing Overhead,-97.94660614522994
2023-12,2,Marketing,-194.27036390164568
2023-12,2,Net Revenue,22578.72163376697
2023-12,2,Office Supplies,-184.423506906264
2023-12,2,Rent,-1591.826513017767
2023-12,2,Salaries,-27398.871249824053
2023-12,2,Taxes,-961.6417349101528
2023-12,2,Travel & Entertainment,-488.75924825958003
2023-12,2,Utilities,-1794.6781222210857
2023-12,3,Amortization,-122.24232886063271
2023-12,3,Depreciation,-347.8554008932461
2023-12,3,Direct Labor,-1957.2509289605098
2023-12,3,Direct Materials,-1268.7747959021228
2023-12,3,Gross Revenue,12777.070033689539
2023-12,3,Interest,-89.34031362148738
2023-12,3,Manufacturing Overhead,-100.5206488509143
2023-12,3,Marketing,-1785.0613202423483
2023-12,3,Net Revenue,17669.350814637673
2023-12,3,Office Supplies,-440.52467154683995
2023-12,3,R&D,-2987.0973228046173
2023-12,3,Rent,-884.6495485121877
2023-12,3,Salaries,-6659.608961937931
2023-12,3,Sales Commissions,-523.6316726986764
2023-12,3,Sales Returns,-810.4419673210211
2023-12,3,Taxes,-1318.669868214455
2023-12,3,Utilities,-540.2777534324938
2023-12,4,Amortization,-69.83114879456915
2023-12,4,Depreciation,-88.97983111596416
2023-12,4,Direct Labor,-2257.6449773176882
2023-12,4,Gross Revenue,17908.044480396537
2023-12,4,Interest,-35.832070584986354
2023-12,4,Manufacturing Overhead,-381.56192333596664
2023-12,4,Marketing,-544.7100724639912
2023-12,4,Net Revenue,22750.485388579036
2023-12,4,Office Supplies,-72.57141208300563
2023-12,4,R&D,-11375.349351020941
2023-12,4,Rent,-1181.4684058556572
2023-12,4,Salaries,-29523.46555495091
2023-12,4,Taxes,-361.0455197034228
2023-12,4,Travel & Entertainment,-392.0678250651251
2023-12,4,Utilities,-605.5392664913163
2023-12,5,Amortization,-87.51226615776882
2023-12,5,Direct Labor,-561.6237487743698
2023-12,5,Gross Revenue,8441.024698384714
2023-12,5,Interest,-119.48133031160008
2023-12,5,Marketing,-2633.4576287074497
2023-12,5,Net Revenue,14733.809810755507
2023-12,5,Office Supplies,-494.7405502992106
2023-12,5,R&D,-8289.200326883472
2023-12,5,Rent,-1310.8513479764301
2023-12,5,Salaries,-32118.854731591404
2023-12,5,Sales Returns,-217.171701926881
2023-12,5,Taxes,-740.8245540212921
2023-12,5,Travel & Entertainment,-286.58094247070244
2023-12,6,Depreciation,-59.062135400075725
2023-12,6,Direct Labor,-1753.3325058501678
2023-12,6,Gross Revenue,10793.044398172755
2023-12,6,Interest,-77.67246033268756
2023-12,6,Marketing,-1058.832336499037
2023-12,6,Net Revenue,17639.246113919726
2023-12,6,Office Supplies,-290.2806914124278
2023-12,6,R&D,-4312.304810808602
2023-12,6,Rent,-3861.8335555840554
2023-12,6,Salaries,-26650.804018420527
2023-12,6,Sales Returns,-406.9104692213858
2023-12,6,Taxes,-1709.244278403266
2023-12,6,Travel & Entertainment,-157.88021452822073
2023-12,6,Utilities,-1291.916064745923
2023-12,7,Amortization,-55.34426440064923
2023-12,7,Direct Labor,-1305.7073567860573
2023-12,7,Direct Materials,-741.579365380089
2023-12,7,Gross Revenue,3688.6942639562076
2023-12,7,Interest,-187.01650772087942
2023-12,7,Manufacturing Overhead,-274.4755763783558
2023-12,7,Marketing,-1330.4664958270491
2023-12,7,Net Revenue,15750.21856011077
2023-12,7,Office Supplies,-67.62750402592908
2023-12,7,R&D,-8140.427455514302
2023-12,7,Rent,-4081.4638545377616
2023-12,7,Salaries,-14751.348922478704
2023-12,7,Sales Commissions,-218.30443349410928
2023-12,7,Sales Returns,-334.4535569159842
2023-12,7,Taxes,-1163.2582570485697
2023-12,7,Travel & Entertainment,-522.4626297269418
2023-12,8,Amortization,-20.90543983869877
2023-12,8,Direct Labor,-1046.7916305788676
2023-12,8,Direct Materials,-1432.1285780765338
2023-12,8,Gross Revenue,6027.687770157843
2023-12,8,Interest,-50.90497349101712
2023-12,8,Marketing,-522.5152265447767
2023-12,8,Net Revenue,13480.222069406482
2023-12,8,Office Supplies,-418.51255847769625
2023-12,8,Rent,-4736.696754147837
2023-12,8,Sales Commissions,-757.0690817563701
2023-12,8,Sales Returns,-520.7731112171
2023-12,8,Taxes,-583.8447289761318
2023-12,8,Travel & Entertainment,-400.675845416313
